Method;Job;AnalyzeLaunchVariance;EvaluateOverhead;MaxAbsoluteError;MaxRelativeError;MinInvokeCount;MinIterationTime;OutlierMode;Affinity;EnvironmentVariables;Jit;LargeAddressAware;Platform;PowerPlanMode;Runtime;AllowVeryLargeObjects;Concurrent;CpuGroups;Force;HeapAffinitizeMask;HeapCount;NoAffinitize;RetainVm;Server;Arguments;BuildConfiguration;Clock;EngineFactory;NuGetReferences;Toolchain;IsMutator;InvocationCount;IterationCount;IterationTime;LaunchCount;MaxIterationCount;MaxWarmupIterationCount;MemoryRandomization;MinIterationCount;MinWarmupIterationCount;RunStrategy;UnrollFactor;WarmupCount;Categories;A;B;threads;Mean;Error;StdDev;Ratio;RatioSD;Gen0;Completed Work Items;Lock Contentions;Gen1;Gen2;Allocated;Alloc Ratio
SequentialDifference;ShortRun;False;Default;Default;Default;Default;Default;Default;11111111;Empty;RyuJit;Default;X64;8c5e7fda-e8bf-4a96-9a85-a6e23a8c635c;.NET 10.0;False;True;False;True;Default;Default;False;False;False;Default;Default;Default;Default;Default;Default;Default;Default;3;Default;1;Default;Default;Default;Default;Default;Default;16;3;Difference;1000;100;1;123.7 μs;37.46 μs;2.05 μs;1.00;0.02;28.8086;0.0000;0.0000;1.5869;0.0000;176.89 KB;1.00
ParallelDifferenceWithThreads;ShortRun;False;Default;Default;Default;Default;Default;Default;11111111;Empty;RyuJit;Default;X64;8c5e7fda-e8bf-4a96-9a85-a6e23a8c635c;.NET 10.0;False;True;False;True;Default;Default;False;False;False;Default;Default;Default;Default;Default;Default;Default;Default;3;Default;1;Default;Default;Default;Default;Default;Default;16;3;Difference;1000;100;1;566.7 μs;228.07 μs;12.50 μs;4.58;0.11;160.1563;364.0000;0.1875;23.4375;0.0000;982.25 KB;5.55
SequentialDifference;ShortRun;False;Default;Default;Default;Default;Default;Default;11111111;Empty;RyuJit;Default;X64;8c5e7fda-e8bf-4a96-9a85-a6e23a8c635c;.NET 10.0;False;True;False;True;Default;Default;False;False;False;Default;Default;Default;Default;Default;Default;Default;Default;3;Default;1;Default;Default;Default;Default;Default;Default;16;3;Difference;1000;100;2;134.2 μs;22.36 μs;1.23 μs;1.00;0.01;28.8086;0.0000;0.0000;1.7090;0.0000;176.89 KB;1.00
ParallelDifferenceWithThreads;ShortRun;False;Default;Default;Default;Default;Default;Default;11111111;Empty;RyuJit;Default;X64;8c5e7fda-e8bf-4a96-9a85-a6e23a8c635c;.NET 10.0;False;True;False;True;Default;Default;False;False;False;Default;Default;Default;Default;Default;Default;Default;Default;3;Default;1;Default;Default;Default;Default;Default;Default;16;3;Difference;1000;100;2;461.7 μs;86.85 μs;4.76 μs;3.44;0.04;170.4102;727.0000;0.1123;60.5469;0.0000;1040.11 KB;5.88
SequentialDifference;ShortRun;False;Default;Default;Default;Default;Default;Default;11111111;Empty;RyuJit;Default;X64;8c5e7fda-e8bf-4a96-9a85-a6e23a8c635c;.NET 10.0;False;True;False;True;Default;Default;False;False;False;Default;Default;Default;Default;Default;Default;Default;Default;3;Default;1;Default;Default;Default;Default;Default;Default;16;3;Difference;1000;100;4;131.4 μs;24.00 μs;1.32 μs;1.00;0.01;28.8086;0.0000;0.0000;1.7090;0.0000;176.89 KB;1.00
ParallelDifferenceWithThreads;ShortRun;False;Default;Default;Default;Default;Default;Default;11111111;Empty;RyuJit;Default;X64;8c5e7fda-e8bf-4a96-9a85-a6e23a8c635c;.NET 10.0;False;True;False;True;Default;Default;False;False;False;Default;Default;Default;Default;Default;Default;Default;Default;3;Default;1;Default;Default;Default;Default;Default;Default;16;3;Difference;1000;100;4;465.5 μs;298.21 μs;16.35 μs;3.54;0.11;170.4102;727.0000;0.0771;60.0586;0.0000;1040.09 KB;5.88
SequentialDifference;ShortRun;False;Default;Default;Default;Default;Default;Default;11111111;Empty;RyuJit;Default;X64;8c5e7fda-e8bf-4a96-9a85-a6e23a8c635c;.NET 10.0;False;True;False;True;Default;Default;False;False;False;Default;Default;Default;Default;Default;Default;Default;Default;3;Default;1;Default;Default;Default;Default;Default;Default;16;3;Difference;1000;10000;1;"1,060.5 μs";107.18 μs;5.87 μs;1.00;0.01;230.4688;0.0000;0.0000;31.2500;0.0000;1418.85 KB;1.00
ParallelDifferenceWithThreads;ShortRun;False;Default;Default;Default;Default;Default;Default;11111111;Empty;RyuJit;Default;X64;8c5e7fda-e8bf-4a96-9a85-a6e23a8c635c;.NET 10.0;False;True;False;True;Default;Default;False;False;False;Default;Default;Default;Default;Default;Default;Default;Default;3;Default;1;Default;Default;Default;Default;Default;Default;16;3;Difference;1000;10000;1;"2,444.4 μs";"1,531.83 μs";83.96 μs;2.31;0.07;585.9375;997.0000;0.0586;125.0000;0.0000;3601.16 KB;2.54
SequentialDifference;ShortRun;False;Default;Default;Default;Default;Default;Default;11111111;Empty;RyuJit;Default;X64;8c5e7fda-e8bf-4a96-9a85-a6e23a8c635c;.NET 10.0;False;True;False;True;Default;Default;False;False;False;Default;Default;Default;Default;Default;Default;Default;Default;3;Default;1;Default;Default;Default;Default;Default;Default;16;3;Difference;1000;10000;2;"1,074.3 μs";406.68 μs;22.29 μs;1.00;0.03;230.4688;0.0000;0.0000;31.2500;0.0000;1418.85 KB;1.00
ParallelDifferenceWithThreads;ShortRun;False;Default;Default;Default;Default;Default;Default;11111111;Empty;RyuJit;Default;X64;8c5e7fda-e8bf-4a96-9a85-a6e23a8c635c;.NET 10.0;False;True;False;True;Default;Default;False;False;False;Default;Default;Default;Default;Default;Default;Default;Default;3;Default;1;Default;Default;Default;Default;Default;Default;16;3;Difference;1000;10000;2;"2,114.8 μs";"1,705.33 μs";93.47 μs;1.97;0.08;617.1875;1993.0000;0.0664;472.6563;0.0000;3774.78 KB;2.66
SequentialDifference;ShortRun;False;Default;Default;Default;Default;Default;Default;11111111;Empty;RyuJit;Default;X64;8c5e7fda-e8bf-4a96-9a85-a6e23a8c635c;.NET 10.0;False;True;False;True;Default;Default;False;False;False;Default;Default;Default;Default;Default;Default;Default;Default;3;Default;1;Default;Default;Default;Default;Default;Default;16;3;Difference;1000;10000;4;"1,063.9 μs";315.12 μs;17.27 μs;1.00;0.02;230.4688;0.0000;0.0000;31.2500;0.0000;1418.85 KB;1.00
ParallelDifferenceWithThreads;ShortRun;False;Default;Default;Default;Default;Default;Default;11111111;Empty;RyuJit;Default;X64;8c5e7fda-e8bf-4a96-9a85-a6e23a8c635c;.NET 10.0;False;True;False;True;Default;Default;False;False;False;Default;Default;Default;Default;Default;Default;Default;Default;3;Default;1;Default;Default;Default;Default;Default;Default;16;3;Difference;1000;10000;4;"2,675.0 μs";"7,266.15 μs";398.28 μs;2.51;0.33;617.1875;1993.0000;0.0313;468.7500;0.0000;3774.64 KB;2.66
SequentialDifference;ShortRun;False;Default;Default;Default;Default;Default;Default;11111111;Empty;RyuJit;Default;X64;8c5e7fda-e8bf-4a96-9a85-a6e23a8c635c;.NET 10.0;False;True;False;True;Default;Default;False;False;False;Default;Default;Default;Default;Default;Default;Default;Default;3;Default;1;Default;Default;Default;Default;Default;Default;16;3;Difference;10000;100;1;264.8 μs;59.36 μs;3.25 μs;1.00;0.02;49.5605;0.0000;0.0000;4.3945;0.0000;303.66 KB;1.00
ParallelDifferenceWithThreads;ShortRun;False;Default;Default;Default;Default;Default;Default;11111111;Empty;RyuJit;Default;X64;8c5e7fda-e8bf-4a96-9a85-a6e23a8c635c;.NET 10.0;False;True;False;True;Default;Default;False;False;False;Default;Default;Default;Default;Default;Default;Default;Default;3;Default;1;Default;Default;Default;Default;Default;Default;16;3;Difference;10000;100;1;"1,155.4 μs";"2,634.46 μs";144.40 μs;4.36;0.47;304.6875;701.0000;0.1426;60.5469;0.0000;1865.61 KB;6.14
SequentialDifference;ShortRun;False;Default;Default;Default;Default;Default;Default;11111111;Empty;RyuJit;Default;X64;8c5e7fda-e8bf-4a96-9a85-a6e23a8c635c;.NET 10.0;False;True;False;True;Default;Default;False;False;False;Default;Default;Default;Default;Default;Default;Default;Default;3;Default;1;Default;Default;Default;Default;Default;Default;16;3;Difference;10000;100;2;218.9 μs;43.34 μs;2.38 μs;1.00;0.01;49.5605;0.0000;0.0000;4.3945;0.0000;303.66 KB;1.00
ParallelDifferenceWithThreads;ShortRun;False;Default;Default;Default;Default;Default;Default;11111111;Empty;RyuJit;Default;X64;8c5e7fda-e8bf-4a96-9a85-a6e23a8c635c;.NET 10.0;False;True;False;True;Default;Default;False;False;False;Default;Default;Default;Default;Default;Default;Default;Default;3;Default;1;Default;Default;Default;Default;Default;Default;16;3;Difference;10000;100;2;882.9 μs;213.33 μs;11.69 μs;4.03;0.06;323.2422;1401.0000;0.0801;230.4688;0.0000;1971.8 KB;6.49
SequentialDifference;ShortRun;False;Default;Default;Default;Default;Default;Default;11111111;Empty;RyuJit;Default;X64;8c5e7fda-e8bf-4a96-9a85-a6e23a8c635c;.NET 10.0;False;True;False;True;Default;Default;False;False;False;Default;Default;Default;Default;Default;Default;Default;Default;3;Default;1;Default;Default;Default;Default;Default;Default;16;3;Difference;10000;100;4;224.0 μs;18.82 μs;1.03 μs;1.00;0.01;49.5605;0.0000;0.0000;4.3945;0.0000;303.66 KB;1.00
ParallelDifferenceWithThreads;ShortRun;False;Default;Default;Default;Default;Default;Default;11111111;Empty;RyuJit;Default;X64;8c5e7fda-e8bf-4a96-9a85-a6e23a8c635c;.NET 10.0;False;True;False;True;Default;Default;False;False;False;Default;Default;Default;Default;Default;Default;Default;Default;3;Default;1;Default;Default;Default;Default;Default;Default;16;3;Difference;10000;100;4;911.6 μs;358.88 μs;19.67 μs;4.07;0.08;323.2422;1401.0000;0.0557;229.4922;0.0000;1971.81 KB;6.49
SequentialDifference;ShortRun;False;Default;Default;Default;Default;Default;Default;11111111;Empty;RyuJit;Default;X64;8c5e7fda-e8bf-4a96-9a85-a6e23a8c635c;.NET 10.0;False;True;False;True;Default;Default;False;False;False;Default;Default;Default;Default;Default;Default;Default;Default;3;Default;1;Default;Default;Default;Default;Default;Default;16;3;Difference;10000;10000;1;"5,757.3 μs";"1,151.63 μs";63.12 μs;1.00;0.01;1039.0625;0.0000;0.0000;468.7500;15.6250;6410.67 KB;1.00
ParallelDifferenceWithThreads;ShortRun;False;Default;Default;Default;Default;Default;Default;11111111;Empty;RyuJit;Default;X64;8c5e7fda-e8bf-4a96-9a85-a6e23a8c635c;.NET 10.0;False;True;False;True;Default;Default;False;False;False;Default;Default;Default;Default;Default;Default;Default;Default;3;Default;1;Default;Default;Default;Default;Default;Default;16;3;Difference;10000;10000;1;"16,782.9 μs";"7,952.48 μs";435.90 μs;2.92;0.07;4093.7500;8551.0000;0.0000;156.2500;31.2500;25179.24 KB;3.93
SequentialDifference;ShortRun;False;Default;Default;Default;Default;Default;Default;11111111;Empty;RyuJit;Default;X64;8c5e7fda-e8bf-4a96-9a85-a6e23a8c635c;.NET 10.0;False;True;False;True;Default;Default;False;False;False;Default;Default;Default;Default;Default;Default;Default;Default;3;Default;1;Default;Default;Default;Default;Default;Default;16;3;Difference;10000;10000;2;"5,555.9 μs";768.94 μs;42.15 μs;1.00;0.01;1039.0625;0.0000;0.0000;468.7500;15.6250;6410.67 KB;1.00
ParallelDifferenceWithThreads;ShortRun;False;Default;Default;Default;Default;Default;Default;11111111;Empty;RyuJit;Default;X64;8c5e7fda-e8bf-4a96-9a85-a6e23a8c635c;.NET 10.0;False;True;False;True;Default;Default;False;False;False;Default;Default;Default;Default;Default;Default;Default;Default;3;Default;1;Default;Default;Default;Default;Default;Default;16;3;Difference;10000;10000;2;"62,180.1 μs";"33,542.26 μs";"1,838.56 μs";11.19;0.30;4888.8889;17101.0000;0.0000;2888.8889;666.6667;26660.9 KB;4.16
SequentialDifference;ShortRun;False;Default;Default;Default;Default;Default;Default;11111111;Empty;RyuJit;Default;X64;8c5e7fda-e8bf-4a96-9a85-a6e23a8c635c;.NET 10.0;False;True;False;True;Default;Default;False;False;False;Default;Default;Default;Default;Default;Default;Default;Default;3;Default;1;Default;Default;Default;Default;Default;Default;16;3;Difference;10000;10000;4;"5,608.4 μs";440.46 μs;24.14 μs;1.00;0.01;1039.0625;0.0000;0.0000;468.7500;15.6250;6410.67 KB;1.00
ParallelDifferenceWithThreads;ShortRun;False;Default;Default;Default;Default;Default;Default;11111111;Empty;RyuJit;Default;X64;8c5e7fda-e8bf-4a96-9a85-a6e23a8c635c;.NET 10.0;False;True;False;True;Default;Default;False;False;False;Default;Default;Default;Default;Default;Default;Default;Default;3;Default;1;Default;Default;Default;Default;Default;Default;16;3;Difference;10000;10000;4;"57,652.7 μs";"28,045.54 μs";"1,537.27 μs";10.28;0.24;4888.8889;17101.0000;0.0000;2777.7778;666.6667;26661.33 KB;4.16
SequentialDifference;ShortRun;False;Default;Default;Default;Default;Default;Default;11111111;Empty;RyuJit;Default;X64;8c5e7fda-e8bf-4a96-9a85-a6e23a8c635c;.NET 10.0;False;True;False;True;Default;Default;False;False;False;Default;Default;Default;Default;Default;Default;Default;Default;3;Default;1;Default;Default;Default;Default;Default;Default;16;3;Difference;100000;100;1;315.9 μs;78.59 μs;4.31 μs;1.00;0.02;68.8477;0.0000;0.0000;8.7891;0.0000;423.98 KB;1.00
ParallelDifferenceWithThreads;ShortRun;False;Default;Default;Default;Default;Default;Default;11111111;Empty;RyuJit;Default;X64;8c5e7fda-e8bf-4a96-9a85-a6e23a8c635c;.NET 10.0;False;True;False;True;Default;Default;False;False;False;Default;Default;Default;Default;Default;Default;Default;Default;3;Default;1;Default;Default;Default;Default;Default;Default;16;3;Difference;100000;100;1;"1,606.0 μs";401.89 μs;22.03 μs;5.08;0.09;441.4063;1017.0000;0.0879;107.4219;0.0000;2696.96 KB;6.36
SequentialDifference;ShortRun;False;Default;Default;Default;Default;Default;Default;11111111;Empty;RyuJit;Default;X64;8c5e7fda-e8bf-4a96-9a85-a6e23a8c635c;.NET 10.0;False;True;False;True;Default;Default;False;False;False;Default;Default;Default;Default;Default;Default;Default;Default;3;Default;1;Default;Default;Default;Default;Default;Default;16;3;Difference;100000;100;2;311.9 μs;17.09 μs;0.94 μs;1.00;0.00;68.8477;0.0000;0.0000;8.7891;0.0000;423.98 KB;1.00
ParallelDifferenceWithThreads;ShortRun;False;Default;Default;Default;Default;Default;Default;11111111;Empty;RyuJit;Default;X64;8c5e7fda-e8bf-4a96-9a85-a6e23a8c635c;.NET 10.0;False;True;False;True;Default;Default;False;False;False;Default;Default;Default;Default;Default;Default;Default;Default;3;Default;1;Default;Default;Default;Default;Default;Default;16;3;Difference;100000;100;2;"1,436.7 μs";"1,181.96 μs";64.79 μs;4.61;0.18;466.7969;2033.0000;0.0957;375.0000;0.0000;2847.59 KB;6.72
SequentialDifference;ShortRun;False;Default;Default;Default;Default;Default;Default;11111111;Empty;RyuJit;Default;X64;8c5e7fda-e8bf-4a96-9a85-a6e23a8c635c;.NET 10.0;False;True;False;True;Default;Default;False;False;False;Default;Default;Default;Default;Default;Default;Default;Default;3;Default;1;Default;Default;Default;Default;Default;Default;16;3;Difference;100000;100;4;300.7 μs;62.27 μs;3.41 μs;1.00;0.01;68.8477;0.0000;0.0000;8.7891;0.0000;423.98 KB;1.00
ParallelDifferenceWithThreads;ShortRun;False;Default;Default;Default;Default;Default;Default;11111111;Empty;RyuJit;Default;X64;8c5e7fda-e8bf-4a96-9a85-a6e23a8c635c;.NET 10.0;False;True;False;True;Default;Default;False;False;False;Default;Default;Default;Default;Default;Default;Default;Default;3;Default;1;Default;Default;Default;Default;Default;Default;16;3;Difference;100000;100;4;"1,402.2 μs";409.38 μs;22.44 μs;4.66;0.08;466.7969;2033.0000;0.0742;375.0000;0.0000;2847.59 KB;6.72
SequentialDifference;ShortRun;False;Default;Default;Default;Default;Default;Default;11111111;Empty;RyuJit;Default;X64;8c5e7fda-e8bf-4a96-9a85-a6e23a8c635c;.NET 10.0;False;True;False;True;Default;Default;False;False;False;Default;Default;Default;Default;Default;Default;Default;Default;3;Default;1;Default;Default;Default;Default;Default;Default;16;3;Difference;100000;10000;1;"19,937.0 μs";"2,074.51 μs";113.71 μs;1.00;0.01;2906.2500;0.0000;0.0000;437.5000;62.5000;17487.7 KB;1.00
ParallelDifferenceWithThreads;ShortRun;False;Default;Default;Default;Default;Default;Default;11111111;Empty;RyuJit;Default;X64;8c5e7fda-e8bf-4a96-9a85-a6e23a8c635c;.NET 10.0;False;True;False;True;Default;Default;False;False;False;Default;Default;Default;Default;Default;Default;Default;Default;3;Default;1;Default;Default;Default;Default;Default;Default;16;3;Difference;100000;10000;1;"64,875.3 μs";"22,618.53 μs";"1,239.80 μs";3.25;0.06;15500.0000;34958.0000;0.0000;375.0000;0.0000;94942.98 KB;5.43
SequentialDifference;ShortRun;False;Default;Default;Default;Default;Default;Default;11111111;Empty;RyuJit;Default;X64;8c5e7fda-e8bf-4a96-9a85-a6e23a8c635c;.NET 10.0;False;True;False;True;Default;Default;False;False;False;Default;Default;Default;Default;Default;Default;Default;Default;3;Default;1;Default;Default;Default;Default;Default;Default;16;3;Difference;100000;10000;2;"19,199.6 μs";"6,002.59 μs";329.02 μs;1.00;0.02;2906.2500;0.0000;0.0000;437.5000;62.5000;17487.7 KB;1.00
ParallelDifferenceWithThreads;ShortRun;False;Default;Default;Default;Default;Default;Default;11111111;Empty;RyuJit;Default;X64;8c5e7fda-e8bf-4a96-9a85-a6e23a8c635c;.NET 10.0;False;True;False;True;Default;Default;False;False;False;Default;Default;Default;Default;Default;Default;Default;Default;3;Default;1;Default;Default;Default;Default;Default;Default;16;3;Difference;100000;10000;2;"339,240.5 μs";"157,856.62 μs";"8,652.65 μs";17.67;0.47;17000.0000;69915.0000;0.0000;9000.0000;1000.0000;100538.08 KB;5.75
SequentialDifference;ShortRun;False;Default;Default;Default;Default;Default;Default;11111111;Empty;RyuJit;Default;X64;8c5e7fda-e8bf-4a96-9a85-a6e23a8c635c;.NET 10.0;False;True;False;True;Default;Default;False;False;False;Default;Default;Default;Default;Default;Default;Default;Default;3;Default;1;Default;Default;Default;Default;Default;Default;16;3;Difference;100000;10000;4;"19,741.7 μs";"4,266.63 μs";233.87 μs;1.00;0.01;2906.2500;0.0000;0.0000;437.5000;62.5000;17487.7 KB;1.00
ParallelDifferenceWithThreads;ShortRun;False;Default;Default;Default;Default;Default;Default;11111111;Empty;RyuJit;Default;X64;8c5e7fda-e8bf-4a96-9a85-a6e23a8c635c;.NET 10.0;False;True;False;True;Default;Default;False;False;False;Default;Default;Default;Default;Default;Default;Default;Default;3;Default;1;Default;Default;Default;Default;Default;Default;16;3;Difference;100000;10000;4;"354,140.8 μs";"150,039.66 μs";"8,224.18 μs";17.94;0.41;17000.0000;69915.0000;0.0000;9000.0000;1000.0000;100539.2 KB;5.75
SequentialIntersection;ShortRun;False;Default;Default;Default;Default;Default;Default;11111111;Empty;RyuJit;Default;X64;8c5e7fda-e8bf-4a96-9a85-a6e23a8c635c;.NET 10.0;False;True;False;True;Default;Default;False;False;False;Default;Default;Default;Default;Default;Default;Default;Default;3;Default;1;Default;Default;Default;Default;Default;Default;16;3;Intersection;1000;100;1;131.0 μs;17.54 μs;0.96 μs;1.00;0.01;30.2734;0.0000;0.0000;0.2441;0.0000;186.91 KB;1.00
ParallelIntersectionWithThreads;ShortRun;False;Default;Default;Default;Default;Default;Default;11111111;Empty;RyuJit;Default;X64;8c5e7fda-e8bf-4a96-9a85-a6e23a8c635c;.NET 10.0;False;True;False;True;Default;Default;False;False;False;Default;Default;Default;Default;Default;Default;Default;Default;3;Default;1;Default;Default;Default;Default;Default;Default;16;3;Intersection;1000;100;1;578.7 μs;454.92 μs;24.94 μs;4.42;0.17;164.0625;371.0000;0.2471;8.7891;0.0000;1008.01 KB;5.39
SequentialIntersection;ShortRun;False;Default;Default;Default;Default;Default;Default;11111111;Empty;RyuJit;Default;X64;8c5e7fda-e8bf-4a96-9a85-a6e23a8c635c;.NET 10.0;False;True;False;True;Default;Default;False;False;False;Default;Default;Default;Default;Default;Default;Default;Default;3;Default;1;Default;Default;Default;Default;Default;Default;16;3;Intersection;1000;100;2;132.3 μs;31.36 μs;1.72 μs;1.00;0.02;30.2734;0.0000;0.0000;0.2441;0.0000;186.91 KB;1.00
ParallelIntersectionWithThreads;ShortRun;False;Default;Default;Default;Default;Default;Default;11111111;Empty;RyuJit;Default;X64;8c5e7fda-e8bf-4a96-9a85-a6e23a8c635c;.NET 10.0;False;True;False;True;Default;Default;False;False;False;Default;Default;Default;Default;Default;Default;Default;Default;3;Default;1;Default;Default;Default;Default;Default;Default;16;3;Intersection;1000;100;2;464.0 μs;74.05 μs;4.06 μs;3.51;0.05;174.8047;741.0000;0.1084;32.2266;0.0000;1066.86 KB;5.71
SequentialIntersection;ShortRun;False;Default;Default;Default;Default;Default;Default;11111111;Empty;RyuJit;Default;X64;8c5e7fda-e8bf-4a96-9a85-a6e23a8c635c;.NET 10.0;False;True;False;True;Default;Default;False;False;False;Default;Default;Default;Default;Default;Default;Default;Default;3;Default;1;Default;Default;Default;Default;Default;Default;16;3;Intersection;1000;100;4;131.5 μs;36.24 μs;1.99 μs;1.00;0.02;30.2734;0.0000;0.0000;0.2441;0.0000;186.91 KB;1.00
ParallelIntersectionWithThreads;ShortRun;False;Default;Default;Default;Default;Default;Default;11111111;Empty;RyuJit;Default;X64;8c5e7fda-e8bf-4a96-9a85-a6e23a8c635c;.NET 10.0;False;True;False;True;Default;Default;False;False;False;Default;Default;Default;Default;Default;Default;Default;Default;3;Default;1;Default;Default;Default;Default;Default;Default;16;3;Intersection;1000;100;4;445.3 μs;109.62 μs;6.01 μs;3.39;0.06;174.8047;741.0000;0.0898;21.9727;0.0000;1066.86 KB;5.71
SequentialIntersection;ShortRun;False;Default;Default;Default;Default;Default;Default;11111111;Empty;RyuJit;Default;X64;8c5e7fda-e8bf-4a96-9a85-a6e23a8c635c;.NET 10.0;False;True;False;True;Default;Default;False;False;False;Default;Default;Default;Default;Default;Default;Default;Default;3;Default;1;Default;Default;Default;Default;Default;Default;16;3;Intersection;1000;10000;1;"1,319.4 μs";378.68 μs;20.76 μs;1.00;0.02;298.8281;0.0000;0.0000;3.9063;0.0000;1841.55 KB;1.00
ParallelIntersectionWithThreads;ShortRun;False;Default;Default;Default;Default;Default;Default;11111111;Empty;RyuJit;Default;X64;8c5e7fda-e8bf-4a96-9a85-a6e23a8c635c;.NET 10.0;False;True;False;True;Default;Default;False;False;False;Default;Default;Default;Default;Default;Default;Default;Default;3;Default;1;Default;Default;Default;Default;Default;Default;16;3;Intersection;1000;10000;1;"5,387.6 μs";"1,832.82 μs";100.46 μs;4.08;0.09;1593.7500;3562.0000;0.0000;117.1875;0.0000;9733.46 KB;5.29
SequentialIntersection;ShortRun;False;Default;Default;Default;Default;Default;Default;11111111;Empty;RyuJit;Default;X64;8c5e7fda-e8bf-4a96-9a85-a6e23a8c635c;.NET 10.0;False;True;False;True;Default;Default;False;False;False;Default;Default;Default;Default;Default;Default;Default;Default;3;Default;1;Default;Default;Default;Default;Default;Default;16;3;Intersection;1000;10000;2;"1,319.0 μs";22.60 μs;1.24 μs;1.00;0.00;298.8281;0.0000;0.0000;3.9063;0.0000;1841.55 KB;1.00
ParallelIntersectionWithThreads;ShortRun;False;Default;Default;Default;Default;Default;Default;11111111;Empty;RyuJit;Default;X64;8c5e7fda-e8bf-4a96-9a85-a6e23a8c635c;.NET 10.0;False;True;False;True;Default;Default;False;False;False;Default;Default;Default;Default;Default;Default;Default;Default;3;Default;1;Default;Default;Default;Default;Default;Default;16;3;Intersection;1000;10000;2;"12,318.9 μs";"4,147.19 μs";227.32 μs;9.34;0.15;1687.5000;7123.0000;0.0000;1093.7500;390.6250;10303.03 KB;5.59
SequentialIntersection;ShortRun;False;Default;Default;Default;Default;Default;Default;11111111;Empty;RyuJit;Default;X64;8c5e7fda-e8bf-4a96-9a85-a6e23a8c635c;.NET 10.0;False;True;False;True;Default;Default;False;False;False;Default;Default;Default;Default;Default;Default;Default;Default;3;Default;1;Default;Default;Default;Default;Default;Default;16;3;Intersection;1000;10000;4;"1,322.8 μs";422.74 μs;23.17 μs;1.00;0.02;298.8281;0.0000;0.0000;3.9063;0.0000;1841.55 KB;1.00
ParallelIntersectionWithThreads;ShortRun;False;Default;Default;Default;Default;Default;Default;11111111;Empty;RyuJit;Default;X64;8c5e7fda-e8bf-4a96-9a85-a6e23a8c635c;.NET 10.0;False;True;False;True;Default;Default;False;False;False;Default;Default;Default;Default;Default;Default;Default;Default;3;Default;1;Default;Default;Default;Default;Default;Default;16;3;Intersection;1000;10000;4;"12,194.3 μs";"3,723.32 μs";204.09 μs;9.22;0.19;1687.5000;7123.0000;0.0469;1093.7500;406.2500;10302.99 KB;5.59
SequentialIntersection;ShortRun;False;Default;Default;Default;Default;Default;Default;11111111;Empty;RyuJit;Default;X64;8c5e7fda-e8bf-4a96-9a85-a6e23a8c635c;.NET 10.0;False;True;False;True;Default;Default;False;False;False;Default;Default;Default;Default;Default;Default;Default;Default;3;Default;1;Default;Default;Default;Default;Default;Default;16;3;Intersection;10000;100;1;224.4 μs;50.56 μs;2.77 μs;1.00;0.02;52.2461;0.0000;0.0000;0.4883;0.0000;320.31 KB;1.00
ParallelIntersectionWithThreads;ShortRun;False;Default;Default;Default;Default;Default;Default;11111111;Empty;RyuJit;Default;X64;8c5e7fda-e8bf-4a96-9a85-a6e23a8c635c;.NET 10.0;False;True;False;True;Default;Default;False;False;False;Default;Default;Default;Default;Default;Default;Default;Default;3;Default;1;Default;Default;Default;Default;Default;Default;16;3;Intersection;10000;100;1;"1,073.0 μs";939.49 μs;51.50 μs;4.78;0.21;308.5938;702.0000;0.1211;17.5781;0.0000;1884.51 KB;5.88
SequentialIntersection;ShortRun;False;Default;Default;Default;Default;Default;Default;11111111;Empty;RyuJit;Default;X64;8c5e7fda-e8bf-4a96-9a85-a6e23a8c635c;.NET 10.0;False;True;False;True;Default;Default;False;False;False;Default;Default;Default;Default;Default;Default;Default;Default;3;Default;1;Default;Default;Default;Default;Default;Default;16;3;Intersection;10000;100;2;226.9 μs;6.92 μs;0.38 μs;1.00;0.00;52.2461;0.0000;0.0000;0.4883;0.0000;320.31 KB;1.00
ParallelIntersectionWithThreads;ShortRun;False;Default;Default;Default;Default;Default;Default;11111111;Empty;RyuJit;Default;X64;8c5e7fda-e8bf-4a96-9a85-a6e23a8c635c;.NET 10.0;False;True;False;True;Default;Default;False;False;False;Default;Default;Default;Default;Default;Default;Default;Default;3;Default;1;Default;Default;Default;Default;Default;Default;16;3;Intersection;10000;100;2;861.6 μs;915.86 μs;50.20 μs;3.80;0.19;326.1719;1403.0000;0.0781;219.7266;0.0000;1990.86 KB;6.22
SequentialIntersection;ShortRun;False;Default;Default;Default;Default;Default;Default;11111111;Empty;RyuJit;Default;X64;8c5e7fda-e8bf-4a96-9a85-a6e23a8c635c;.NET 10.0;False;True;False;True;Default;Default;False;False;False;Default;Default;Default;Default;Default;Default;Default;Default;3;Default;1;Default;Default;Default;Default;Default;Default;16;3;Intersection;10000;100;4;224.2 μs;6.90 μs;0.38 μs;1.00;0.00;52.2461;0.0000;0.0000;0.4883;0.0000;320.31 KB;1.00
ParallelIntersectionWithThreads;ShortRun;False;Default;Default;Default;Default;Default;Default;11111111;Empty;RyuJit;Default;X64;8c5e7fda-e8bf-4a96-9a85-a6e23a8c635c;.NET 10.0;False;True;False;True;Default;Default;False;False;False;Default;Default;Default;Default;Default;Default;Default;Default;3;Default;1;Default;Default;Default;Default;Default;Default;16;3;Intersection;10000;100;4;874.6 μs;49.25 μs;2.70 μs;3.90;0.01;326.1719;1403.0000;0.0977;218.7500;0.0000;1990.85 KB;6.22
SequentialIntersection;ShortRun;False;Default;Default;Default;Default;Default;Default;11111111;Empty;RyuJit;Default;X64;8c5e7fda-e8bf-4a96-9a85-a6e23a8c635c;.NET 10.0;False;True;False;True;Default;Default;False;False;False;Default;Default;Default;Default;Default;Default;Default;Default;3;Default;1;Default;Default;Default;Default;Default;Default;16;3;Intersection;10000;10000;1;"5,388.0 μs";"1,235.08 μs";67.70 μs;1.00;0.02;1164.0625;0.0000;0.0000;31.2500;0.0000;7143.65 KB;1.00
ParallelIntersectionWithThreads;ShortRun;False;Default;Default;Default;Default;Default;Default;11111111;Empty;RyuJit;Default;X64;8c5e7fda-e8bf-4a96-9a85-a6e23a8c635c;.NET 10.0;False;True;False;True;Default;Default;False;False;False;Default;Default;Default;Default;Default;Default;Default;Default;3;Default;1;Default;Default;Default;Default;Default;Default;16;3;Intersection;10000;10000;1;"18,940.3 μs";"1,666.01 μs";91.32 μs;3.52;0.04;5343.7500;11654.0000;0.0000;406.2500;0.0000;32836.16 KB;4.60
SequentialIntersection;ShortRun;False;Default;Default;Default;Default;Default;Default;11111111;Empty;RyuJit;Default;X64;8c5e7fda-e8bf-4a96-9a85-a6e23a8c635c;.NET 10.0;False;True;False;True;Default;Default;False;False;False;Default;Default;Default;Default;Default;Default;Default;Default;3;Default;1;Default;Default;Default;Default;Default;Default;16;3;Intersection;10000;10000;2;"5,404.1 μs";"3,610.85 μs";197.92 μs;1.00;0.04;1164.0625;0.0000;0.0000;31.2500;0.0000;7143.65 KB;1.00
ParallelIntersectionWithThreads;ShortRun;False;Default;Default;Default;Default;Default;Default;11111111;Empty;RyuJit;Default;X64;8c5e7fda-e8bf-4a96-9a85-a6e23a8c635c;.NET 10.0;False;True;False;True;Default;Default;False;False;False;Default;Default;Default;Default;Default;Default;Default;Default;3;Default;1;Default;Default;Default;Default;Default;Default;16;3;Intersection;10000;10000;2;"79,642.9 μs";"126,575.83 μs";"6,938.05 μs";14.75;1.21;6142.8571;23307.0000;0.0000;4000.0000;1000.0000;34793.06 KB;4.87
SequentialIntersection;ShortRun;False;Default;Default;Default;Default;Default;Default;11111111;Empty;RyuJit;Default;X64;8c5e7fda-e8bf-4a96-9a85-a6e23a8c635c;.NET 10.0;False;True;False;True;Default;Default;False;False;False;Default;Default;Default;Default;Default;Default;Default;Default;3;Default;1;Default;Default;Default;Default;Default;Default;16;3;Intersection;10000;10000;4;"5,184.1 μs";"2,083.77 μs";114.22 μs;1.00;0.03;1164.0625;0.0000;0.0000;31.2500;0.0000;7143.65 KB;1.00
ParallelIntersectionWithThreads;ShortRun;False;Default;Default;Default;Default;Default;Default;11111111;Empty;RyuJit;Default;X64;8c5e7fda-e8bf-4a96-9a85-a6e23a8c635c;.NET 10.0;False;True;False;True;Default;Default;False;False;False;Default;Default;Default;Default;Default;Default;Default;Default;3;Default;1;Default;Default;Default;Default;Default;Default;16;3;Intersection;10000;10000;4;"77,441.9 μs";"52,365.74 μs";"2,870.34 μs";14.94;0.56;6285.7143;23307.0000;0.0000;3857.1429;857.1429;34785.45 KB;4.87
SequentialIntersection;ShortRun;False;Default;Default;Default;Default;Default;Default;11111111;Empty;RyuJit;Default;X64;8c5e7fda-e8bf-4a96-9a85-a6e23a8c635c;.NET 10.0;False;True;False;True;Default;Default;False;False;False;Default;Default;Default;Default;Default;Default;Default;Default;3;Default;1;Default;Default;Default;Default;Default;Default;16;3;Intersection;100000;100;1;309.5 μs;42.44 μs;2.33 μs;1.00;0.01;72.7539;0.0000;0.0000;0.4883;0.0000;447.82 KB;1.00
ParallelIntersectionWithThreads;ShortRun;False;Default;Default;Default;Default;Default;Default;11111111;Empty;RyuJit;Default;X64;8c5e7fda-e8bf-4a96-9a85-a6e23a8c635c;.NET 10.0;False;True;False;True;Default;Default;False;False;False;Default;Default;Default;Default;Default;Default;Default;Default;3;Default;1;Default;Default;Default;Default;Default;Default;16;3;Intersection;100000;100;1;"1,393.5 μs";546.69 μs;29.97 μs;4.50;0.09;445.3125;1017.0000;0.1660;33.2031;0.0000;2720.8 KB;6.08
SequentialIntersection;ShortRun;False;Default;Default;Default;Default;Default;Default;11111111;Empty;RyuJit;Default;X64;8c5e7fda-e8bf-4a96-9a85-a6e23a8c635c;.NET 10.0;False;True;False;True;Default;Default;False;False;False;Default;Default;Default;Default;Default;Default;Default;Default;3;Default;1;Default;Default;Default;Default;Default;Default;16;3;Intersection;100000;100;2;299.0 μs;24.98 μs;1.37 μs;1.00;0.01;72.7539;0.0000;0.0000;0.4883;0.0000;447.82 KB;1.00
ParallelIntersectionWithThreads;ShortRun;False;Default;Default;Default;Default;Default;Default;11111111;Empty;RyuJit;Default;X64;8c5e7fda-e8bf-4a96-9a85-a6e23a8c635c;.NET 10.0;False;True;False;True;Default;Default;False;False;False;Default;Default;Default;Default;Default;Default;Default;Default;3;Default;1;Default;Default;Default;Default;Default;Default;16;3;Intersection;100000;100;2;"1,311.4 μs";767.97 μs;42.10 μs;4.39;0.12;470.7031;2033.0000;0.0840;373.0469;0.0000;2871.45 KB;6.41
SequentialIntersection;ShortRun;False;Default;Default;Default;Default;Default;Default;11111111;Empty;RyuJit;Default;X64;8c5e7fda-e8bf-4a96-9a85-a6e23a8c635c;.NET 10.0;False;True;False;True;Default;Default;False;False;False;Default;Default;Default;Default;Default;Default;Default;Default;3;Default;1;Default;Default;Default;Default;Default;Default;16;3;Intersection;100000;100;4;314.9 μs;65.60 μs;3.60 μs;1.00;0.01;72.7539;0.0000;0.0000;0.4883;0.0000;447.82 KB;1.00
ParallelIntersectionWithThreads;ShortRun;False;Default;Default;Default;Default;Default;Default;11111111;Empty;RyuJit;Default;X64;8c5e7fda-e8bf-4a96-9a85-a6e23a8c635c;.NET 10.0;False;True;False;True;Default;Default;False;False;False;Default;Default;Default;Default;Default;Default;Default;Default;3;Default;1;Default;Default;Default;Default;Default;Default;16;3;Intersection;100000;100;4;"1,333.5 μs";901.57 μs;49.42 μs;4.23;0.14;470.7031;2033.0000;0.1016;375.0000;0.0000;2871.44 KB;6.41
SequentialIntersection;ShortRun;False;Default;Default;Default;Default;Default;Default;11111111;Empty;RyuJit;Default;X64;8c5e7fda-e8bf-4a96-9a85-a6e23a8c635c;.NET 10.0;False;True;False;True;Default;Default;False;False;False;Default;Default;Default;Default;Default;Default;Default;Default;3;Default;1;Default;Default;Default;Default;Default;Default;16;3;Intersection;100000;10000;1;"14,840.1 μs";"2,141.12 μs";117.36 μs;1.00;0.01;3000.0000;0.0000;0.0000;78.1250;0.0000;18452.81 KB;1.00
ParallelIntersectionWithThreads;ShortRun;False;Default;Default;Default;Default;Default;Default;11111111;Empty;RyuJit;Default;X64;8c5e7fda-e8bf-4a96-9a85-a6e23a8c635c;.NET 10.0;False;True;False;True;Default;Default;False;False;False;Default;Default;Default;Default;Default;Default;Default;Default;3;Default;1;Default;Default;Default;Default;Default;Default;16;3;Intersection;100000;10000;1;"54,211.7 μs";"38,590.04 μs";"2,115.25 μs";3.65;0.13;15875.0000;35658.0000;0.0000;1125.0000;0.0000;97482.41 KB;5.28
SequentialIntersection;ShortRun;False;Default;Default;Default;Default;Default;Default;11111111;Empty;RyuJit;Default;X64;8c5e7fda-e8bf-4a96-9a85-a6e23a8c635c;.NET 10.0;False;True;False;True;Default;Default;False;False;False;Default;Default;Default;Default;Default;Default;Default;Default;3;Default;1;Default;Default;Default;Default;Default;Default;16;3;Intersection;100000;10000;2;"15,102.3 μs";"5,566.59 μs";305.12 μs;1.00;0.02;3000.0000;0.0000;0.0000;78.1250;0.0000;18452.81 KB;1.00
ParallelIntersectionWithThreads;ShortRun;False;Default;Default;Default;Default;Default;Default;11111111;Empty;RyuJit;Default;X64;8c5e7fda-e8bf-4a96-9a85-a6e23a8c635c;.NET 10.0;False;True;False;True;Default;Default;False;False;False;Default;Default;Default;Default;Default;Default;Default;Default;3;Default;1;Default;Default;Default;Default;Default;Default;16;3;Intersection;100000;10000;2;"363,797.9 μs";"287,185.12 μs";"15,741.59 μs";24.10;1.00;17000.0000;71315.0000;0.0000;8500.0000;500.0000;103176.23 KB;5.59
SequentialIntersection;ShortRun;False;Default;Default;Default;Default;Default;Default;11111111;Empty;RyuJit;Default;X64;8c5e7fda-e8bf-4a96-9a85-a6e23a8c635c;.NET 10.0;False;True;False;True;Default;Default;False;False;False;Default;Default;Default;Default;Default;Default;Default;Default;3;Default;1;Default;Default;Default;Default;Default;Default;16;3;Intersection;100000;10000;4;"16,297.4 μs";"21,386.71 μs";"1,172.28 μs";1.00;0.09;3000.0000;0.0000;0.0000;62.5000;0.0000;18452.81 KB;1.00
ParallelIntersectionWithThreads;ShortRun;False;Default;Default;Default;Default;Default;Default;11111111;Empty;RyuJit;Default;X64;8c5e7fda-e8bf-4a96-9a85-a6e23a8c635c;.NET 10.0;False;True;False;True;Default;Default;False;False;False;Default;Default;Default;Default;Default;Default;Default;Default;3;Default;1;Default;Default;Default;Default;Default;Default;16;3;Intersection;100000;10000;4;"357,842.5 μs";"264,654.27 μs";"14,506.59 μs";22.03;1.55;17000.0000;71315.0000;0.0000;8500.0000;500.0000;103175.87 KB;5.59
SequentialSymmetricalDifference;ShortRun;False;Default;Default;Default;Default;Default;Default;11111111;Empty;RyuJit;Default;X64;8c5e7fda-e8bf-4a96-9a85-a6e23a8c635c;.NET 10.0;False;True;False;True;Default;Default;False;False;False;Default;Default;Default;Default;Default;Default;Default;Default;3;Default;1;Default;Default;Default;Default;Default;Default;16;3;Symmetrical Difference;1000;100;1;146.4 μs;31.20 μs;1.71 μs;1.00;0.01;34.1797;0.0000;0.0000;2.4414;0.0000;210.28 KB;1.00
ParallelSymmetricalDifferenceWithThreads;ShortRun;False;Default;Default;Default;Default;Default;Default;11111111;Empty;RyuJit;Default;X64;8c5e7fda-e8bf-4a96-9a85-a6e23a8c635c;.NET 10.0;False;True;False;True;Default;Default;False;False;False;Default;Default;Default;Default;Default;Default;Default;Default;3;Default;1;Default;Default;Default;Default;Default;Default;16;3;Symmetrical Difference;1000;100;1;625.9 μs;300.87 μs;16.49 μs;4.28;0.11;167.9688;371.0000;0.0889;28.3203;0.0000;1031.39 KB;4.90
SequentialSymmetricalDifference;ShortRun;False;Default;Default;Default;Default;Default;Default;11111111;Empty;RyuJit;Default;X64;8c5e7fda-e8bf-4a96-9a85-a6e23a8c635c;.NET 10.0;False;True;False;True;Default;Default;False;False;False;Default;Default;Default;Default;Default;Default;Default;Default;3;Default;1;Default;Default;Default;Default;Default;Default;16;3;Symmetrical Difference;1000;100;2;144.4 μs;34.77 μs;1.91 μs;1.00;0.02;34.1797;0.0000;0.0000;2.4414;0.0000;210.28 KB;1.00
ParallelSymmetricalDifferenceWithThreads;ShortRun;False;Default;Default;Default;Default;Default;Default;11111111;Empty;RyuJit;Default;X64;8c5e7fda-e8bf-4a96-9a85-a6e23a8c635c;.NET 10.0;False;True;False;True;Default;Default;False;False;False;Default;Default;Default;Default;Default;Default;Default;Default;3;Default;1;Default;Default;Default;Default;Default;Default;16;3;Symmetrical Difference;1000;100;2;502.1 μs;331.57 μs;18.17 μs;3.48;0.12;178.7109;741.0000;0.1035;63.4766;0.0000;1090.21 KB;5.18
SequentialSymmetricalDifference;ShortRun;False;Default;Default;Default;Default;Default;Default;11111111;Empty;RyuJit;Default;X64;8c5e7fda-e8bf-4a96-9a85-a6e23a8c635c;.NET 10.0;False;True;False;True;Default;Default;False;False;False;Default;Default;Default;Default;Default;Default;Default;Default;3;Default;1;Default;Default;Default;Default;Default;Default;16;3;Symmetrical Difference;1000;100;4;150.8 μs;127.50 μs;6.99 μs;1.00;0.06;34.1797;0.0000;0.0000;2.4414;0.0000;210.28 KB;1.00
ParallelSymmetricalDifferenceWithThreads;ShortRun;False;Default;Default;Default;Default;Default;Default;11111111;Empty;RyuJit;Default;X64;8c5e7fda-e8bf-4a96-9a85-a6e23a8c635c;.NET 10.0;False;True;False;True;Default;Default;False;False;False;Default;Default;Default;Default;Default;Default;Default;Default;3;Default;1;Default;Default;Default;Default;Default;Default;16;3;Symmetrical Difference;1000;100;4;490.4 μs;740.15 μs;40.57 μs;3.26;0.27;178.7109;741.0000;0.1221;56.6406;0.0000;1090.24 KB;5.18
SequentialSymmetricalDifference;ShortRun;False;Default;Default;Default;Default;Default;Default;11111111;Empty;RyuJit;Default;X64;8c5e7fda-e8bf-4a96-9a85-a6e23a8c635c;.NET 10.0;False;True;False;True;Default;Default;False;False;False;Default;Default;Default;Default;Default;Default;Default;Default;3;Default;1;Default;Default;Default;Default;Default;Default;16;3;Symmetrical Difference;1000;10000;1;"1,637.0 μs";514.47 μs;28.20 μs;1.00;0.02;333.9844;0.0000;0.0000;103.5156;0.0000;2056.47 KB;1.00
ParallelSymmetricalDifferenceWithThreads;ShortRun;False;Default;Default;Default;Default;Default;Default;11111111;Empty;RyuJit;Default;X64;8c5e7fda-e8bf-4a96-9a85-a6e23a8c635c;.NET 10.0;False;True;False;True;Default;Default;False;False;False;Default;Default;Default;Default;Default;Default;Default;Default;3;Default;1;Default;Default;Default;Default;Default;Default;16;3;Symmetrical Difference;1000;10000;1;"6,578.9 μs";"1,721.05 μs";94.34 μs;4.02;0.08;1625.0000;3562.0000;0.0000;70.3125;0.0000;9948.39 KB;4.84
SequentialSymmetricalDifference;ShortRun;False;Default;Default;Default;Default;Default;Default;11111111;Empty;RyuJit;Default;X64;8c5e7fda-e8bf-4a96-9a85-a6e23a8c635c;.NET 10.0;False;True;False;True;Default;Default;False;False;False;Default;Default;Default;Default;Default;Default;Default;Default;3;Default;1;Default;Default;Default;Default;Default;Default;16;3;Symmetrical Difference;1000;10000;2;"1,609.7 μs";248.06 μs;13.60 μs;1.00;0.01;333.9844;0.0000;0.0000;103.5156;0.0000;2056.47 KB;1.00
ParallelSymmetricalDifferenceWithThreads;ShortRun;False;Default;Default;Default;Default;Default;Default;11111111;Empty;RyuJit;Default;X64;8c5e7fda-e8bf-4a96-9a85-a6e23a8c635c;.NET 10.0;False;True;False;True;Default;Default;False;False;False;Default;Default;Default;Default;Default;Default;Default;Default;3;Default;1;Default;Default;Default;Default;Default;Default;16;3;Symmetrical Difference;1000;10000;2;"13,928.5 μs";"3,762.43 μs";206.23 μs;8.65;0.13;1718.7500;7123.0000;0.0156;1046.8750;468.7500;10519.91 KB;5.12
SequentialSymmetricalDifference;ShortRun;False;Default;Default;Default;Default;Default;Default;11111111;Empty;RyuJit;Default;X64;8c5e7fda-e8bf-4a96-9a85-a6e23a8c635c;.NET 10.0;False;True;False;True;Default;Default;False;False;False;Default;Default;Default;Default;Default;Default;Default;Default;3;Default;1;Default;Default;Default;Default;Default;Default;16;3;Symmetrical Difference;1000;10000;4;"1,638.2 μs";464.54 μs;25.46 μs;1.00;0.02;333.9844;0.0000;0.0000;103.5156;0.0000;2056.47 KB;1.00
ParallelSymmetricalDifferenceWithThreads;ShortRun;False;Default;Default;Default;Default;Default;Default;11111111;Empty;RyuJit;Default;X64;8c5e7fda-e8bf-4a96-9a85-a6e23a8c635c;.NET 10.0;False;True;False;True;Default;Default;False;False;False;Default;Default;Default;Default;Default;Default;Default;Default;3;Default;1;Default;Default;Default;Default;Default;Default;16;3;Symmetrical Difference;1000;10000;4;"14,094.2 μs";"4,211.59 μs";230.85 μs;8.61;0.17;1718.7500;7123.0000;0.0000;1062.5000;468.7500;10517.9 KB;5.11
SequentialSymmetricalDifference;ShortRun;False;Default;Default;Default;Default;Default;Default;11111111;Empty;RyuJit;Default;X64;8c5e7fda-e8bf-4a96-9a85-a6e23a8c635c;.NET 10.0;False;True;False;True;Default;Default;False;False;False;Default;Default;Default;Default;Default;Default;Default;Default;3;Default;1;Default;Default;Default;Default;Default;Default;16;3;Symmetrical Difference;10000;100;1;255.9 μs;64.31 μs;3.52 μs;1.00;0.02;57.6172;0.0000;0.0000;5.8594;0.0000;355.62 KB;1.00
ParallelSymmetricalDifferenceWithThreads;ShortRun;False;Default;Default;Default;Default;Default;Default;11111111;Empty;RyuJit;Default;X64;8c5e7fda-e8bf-4a96-9a85-a6e23a8c635c;.NET 10.0;False;True;False;True;Default;Default;False;False;False;Default;Default;Default;Default;Default;Default;Default;Default;3;Default;1;Default;Default;Default;Default;Default;Default;16;3;Symmetrical Difference;10000;100;1;"1,129.7 μs";724.19 μs;39.70 μs;4.42;0.14;312.5000;702.0000;0.1191;62.5000;0.0000;1919.82 KB;5.40
SequentialSymmetricalDifference;ShortRun;False;Default;Default;Default;Default;Default;Default;11111111;Empty;RyuJit;Default;X64;8c5e7fda-e8bf-4a96-9a85-a6e23a8c635c;.NET 10.0;False;True;False;True;Default;Default;False;False;False;Default;Default;Default;Default;Default;Default;Default;Default;3;Default;1;Default;Default;Default;Default;Default;Default;16;3;Symmetrical Difference;10000;100;2;251.7 μs;160.19 μs;8.78 μs;1.00;0.04;57.6172;0.0000;0.0000;5.8594;0.0000;355.62 KB;1.00
ParallelSymmetricalDifferenceWithThreads;ShortRun;False;Default;Default;Default;Default;Default;Default;11111111;Empty;RyuJit;Default;X64;8c5e7fda-e8bf-4a96-9a85-a6e23a8c635c;.NET 10.0;False;True;False;True;Default;Default;False;False;False;Default;Default;Default;Default;Default;Default;Default;Default;3;Default;1;Default;Default;Default;Default;Default;Default;16;3;Symmetrical Difference;10000;100;2;924.2 μs;390.61 μs;21.41 μs;3.67;0.13;332.0313;1403.0000;0.0811;237.3047;0.0000;2026.18 KB;5.70
SequentialSymmetricalDifference;ShortRun;False;Default;Default;Default;Default;Default;Default;11111111;Empty;RyuJit;Default;X64;8c5e7fda-e8bf-4a96-9a85-a6e23a8c635c;.NET 10.0;False;True;False;True;Default;Default;False;False;False;Default;Default;Default;Default;Default;Default;Default;Default;3;Default;1;Default;Default;Default;Default;Default;Default;16;3;Symmetrical Difference;10000;100;4;242.6 μs;93.72 μs;5.14 μs;1.00;0.03;57.8613;0.0000;0.0000;5.8594;0.0000;355.62 KB;1.00
ParallelSymmetricalDifferenceWithThreads;ShortRun;False;Default;Default;Default;Default;Default;Default;11111111;Empty;RyuJit;Default;X64;8c5e7fda-e8bf-4a96-9a85-a6e23a8c635c;.NET 10.0;False;True;False;True;Default;Default;False;False;False;Default;Default;Default;Default;Default;Default;Default;Default;3;Default;1;Default;Default;Default;Default;Default;Default;16;3;Symmetrical Difference;10000;100;4;919.5 μs;50.13 μs;2.75 μs;3.79;0.07;332.0313;1403.0000;0.0723;234.3750;0.0000;2026.16 KB;5.70
SequentialSymmetricalDifference;ShortRun;False;Default;Default;Default;Default;Default;Default;11111111;Empty;RyuJit;Default;X64;8c5e7fda-e8bf-4a96-9a85-a6e23a8c635c;.NET 10.0;False;True;False;True;Default;Default;False;False;False;Default;Default;Default;Default;Default;Default;Default;Default;3;Default;1;Default;Default;Default;Default;Default;Default;16;3;Symmetrical Difference;10000;10000;1;"8,126.9 μs";"4,214.79 μs";231.03 μs;1.00;0.03;1296.8750;0.0000;0.0000;640.6250;78.1250;8003.46 KB;1.00
ParallelSymmetricalDifferenceWithThreads;ShortRun;False;Default;Default;Default;Default;Default;Default;11111111;Empty;RyuJit;Default;X64;8c5e7fda-e8bf-4a96-9a85-a6e23a8c635c;.NET 10.0;False;True;False;True;Default;Default;False;False;False;Default;Default;Default;Default;Default;Default;Default;Default;3;Default;1;Default;Default;Default;Default;Default;Default;16;3;Symmetrical Difference;10000;10000;1;"23,787.8 μs";"2,504.03 μs";137.25 μs;2.93;0.07;5500.0000;11654.0000;0.0000;218.7500;93.7500;33696 KB;4.21
SequentialSymmetricalDifference;ShortRun;False;Default;Default;Default;Default;Default;Default;11111111;Empty;RyuJit;Default;X64;8c5e7fda-e8bf-4a96-9a85-a6e23a8c635c;.NET 10.0;False;True;False;True;Default;Default;False;False;False;Default;Default;Default;Default;Default;Default;Default;Default;3;Default;1;Default;Default;Default;Default;Default;Default;16;3;Symmetrical Difference;10000;10000;2;"8,027.4 μs";"1,949.02 μs";106.83 μs;1.00;0.02;1296.8750;0.0000;0.0000;640.6250;78.1250;8003.47 KB;1.00
ParallelSymmetricalDifferenceWithThreads;ShortRun;False;Default;Default;Default;Default;Default;Default;11111111;Empty;RyuJit;Default;X64;8c5e7fda-e8bf-4a96-9a85-a6e23a8c635c;.NET 10.0;False;True;False;True;Default;Default;False;False;False;Default;Default;Default;Default;Default;Default;Default;Default;3;Default;1;Default;Default;Default;Default;Default;Default;16;3;Symmetrical Difference;10000;10000;2;"96,678.3 μs";"60,401.09 μs";"3,310.79 μs";12.04;0.38;6600.0000;23307.0000;0.0000;3800.0000;1200.0000;35656.94 KB;4.46
SequentialSymmetricalDifference;ShortRun;False;Default;Default;Default;Default;Default;Default;11111111;Empty;RyuJit;Default;X64;8c5e7fda-e8bf-4a96-9a85-a6e23a8c635c;.NET 10.0;False;True;False;True;Default;Default;False;False;False;Default;Default;Default;Default;Default;Default;Default;Default;3;Default;1;Default;Default;Default;Default;Default;Default;16;3;Symmetrical Difference;10000;10000;4;"8,045.3 μs";"1,142.69 μs";62.63 μs;1.00;0.01;1296.8750;0.0000;0.0000;640.6250;78.1250;8003.47 KB;1.00
ParallelSymmetricalDifferenceWithThreads;ShortRun;False;Default;Default;Default;Default;Default;Default;11111111;Empty;RyuJit;Default;X64;8c5e7fda-e8bf-4a96-9a85-a6e23a8c635c;.NET 10.0;False;True;False;True;Default;Default;False;False;False;Default;Default;Default;Default;Default;Default;Default;Default;3;Default;1;Default;Default;Default;Default;Default;Default;16;3;Symmetrical Difference;10000;10000;4;"94,496.0 μs";"22,564.40 μs";"1,236.83 μs";11.75;0.16;6333.3333;23307.0000;0.0000;3333.3333;666.6667;35640.43 KB;4.45
SequentialSymmetricalDifference;ShortRun;False;Default;Default;Default;Default;Default;Default;11111111;Empty;RyuJit;Default;X64;8c5e7fda-e8bf-4a96-9a85-a6e23a8c635c;.NET 10.0;False;True;False;True;Default;Default;False;False;False;Default;Default;Default;Default;Default;Default;Default;Default;3;Default;1;Default;Default;Default;Default;Default;Default;16;3;Symmetrical Difference;100000;100;1;347.2 μs;59.83 μs;3.28 μs;1.00;0.01;80.5664;0.0000;0.0000;10.7422;0.0000;494.91 KB;1.00
ParallelSymmetricalDifferenceWithThreads;ShortRun;False;Default;Default;Default;Default;Default;Default;11111111;Empty;RyuJit;Default;X64;8c5e7fda-e8bf-4a96-9a85-a6e23a8c635c;.NET 10.0;False;True;False;True;Default;Default;False;False;False;Default;Default;Default;Default;Default;Default;Default;Default;3;Default;1;Default;Default;Default;Default;Default;Default;16;3;Symmetrical Difference;100000;100;1;"1,662.6 μs";208.35 μs;11.42 μs;4.79;0.05;453.1250;1017.0000;0.0410;113.2813;0.0000;2767.89 KB;5.59
SequentialSymmetricalDifference;ShortRun;False;Default;Default;Default;Default;Default;Default;11111111;Empty;RyuJit;Default;X64;8c5e7fda-e8bf-4a96-9a85-a6e23a8c635c;.NET 10.0;False;True;False;True;Default;Default;False;False;False;Default;Default;Default;Default;Default;Default;Default;Default;3;Default;1;Default;Default;Default;Default;Default;Default;16;3;Symmetrical Difference;100000;100;2;345.1 μs;144.94 μs;7.94 μs;1.00;0.03;80.5664;0.0000;0.0000;10.7422;0.0000;494.91 KB;1.00
ParallelSymmetricalDifferenceWithThreads;ShortRun;False;Default;Default;Default;Default;Default;Default;11111111;Empty;RyuJit;Default;X64;8c5e7fda-e8bf-4a96-9a85-a6e23a8c635c;.NET 10.0;False;True;False;True;Default;Default;False;False;False;Default;Default;Default;Default;Default;Default;Default;Default;3;Default;1;Default;Default;Default;Default;Default;Default;16;3;Symmetrical Difference;100000;100;2;"1,503.3 μs";"1,225.27 μs";67.16 μs;4.36;0.19;478.5156;2033.0000;0.0762;388.6719;0.0000;2918.53 KB;5.90
SequentialSymmetricalDifference;ShortRun;False;Default;Default;Default;Default;Default;Default;11111111;Empty;RyuJit;Default;X64;8c5e7fda-e8bf-4a96-9a85-a6e23a8c635c;.NET 10.0;False;True;False;True;Default;Default;False;False;False;Default;Default;Default;Default;Default;Default;Default;Default;3;Default;1;Default;Default;Default;Default;Default;Default;16;3;Symmetrical Difference;100000;100;4;353.1 μs;105.21 μs;5.77 μs;1.00;0.02;80.5664;0.0000;0.0000;10.7422;0.0000;494.91 KB;1.00
ParallelSymmetricalDifferenceWithThreads;ShortRun;False;Default;Default;Default;Default;Default;Default;11111111;Empty;RyuJit;Default;X64;8c5e7fda-e8bf-4a96-9a85-a6e23a8c635c;.NET 10.0;False;True;False;True;Default;Default;False;False;False;Default;Default;Default;Default;Default;Default;Default;Default;3;Default;1;Default;Default;Default;Default;Default;Default;16;3;Symmetrical Difference;100000;100;4;"1,514.6 μs";784.31 μs;42.99 μs;4.29;0.12;478.5156;2033.0000;0.0645;384.7656;0.0000;2918.52 KB;5.90
SequentialSymmetricalDifference;ShortRun;False;Default;Default;Default;Default;Default;Default;11111111;Empty;RyuJit;Default;X64;8c5e7fda-e8bf-4a96-9a85-a6e23a8c635c;.NET 10.0;False;True;False;True;Default;Default;False;False;False;Default;Default;Default;Default;Default;Default;Default;Default;3;Default;1;Default;Default;Default;Default;Default;Default;16;3;Symmetrical Difference;100000;10000;1;"22,476.6 μs";"3,630.85 μs";199.02 μs;1.00;0.01;3437.5000;0.0000;0.0000;531.2500;93.7500;20602.42 KB;1.00
ParallelSymmetricalDifferenceWithThreads;ShortRun;False;Default;Default;Default;Default;Default;Default;11111111;Empty;RyuJit;Default;X64;8c5e7fda-e8bf-4a96-9a85-a6e23a8c635c;.NET 10.0;False;True;False;True;Default;Default;False;False;False;Default;Default;Default;Default;Default;Default;Default;Default;3;Default;1;Default;Default;Default;Default;Default;Default;16;3;Symmetrical Difference;100000;10000;1;"70,726.4 μs";"18,327.85 μs";"1,004.61 μs";3.15;0.05;16375.0000;35658.0000;0.1250;625.0000;125.0000;99633.57 KB;4.84
SequentialSymmetricalDifference;ShortRun;False;Default;Default;Default;Default;Default;Default;11111111;Empty;RyuJit;Default;X64;8c5e7fda-e8bf-4a96-9a85-a6e23a8c635c;.NET 10.0;False;True;False;True;Default;Default;False;False;False;Default;Default;Default;Default;Default;Default;Default;Default;3;Default;1;Default;Default;Default;Default;Default;Default;16;3;Symmetrical Difference;100000;10000;2;"23,118.0 μs";"1,416.38 μs";77.64 μs;1.00;0.00;3437.5000;0.0000;0.0000;531.2500;93.7500;20602.41 KB;1.00
ParallelSymmetricalDifferenceWithThreads;ShortRun;False;Default;Default;Default;Default;Default;Default;11111111;Empty;RyuJit;Default;X64;8c5e7fda-e8bf-4a96-9a85-a6e23a8c635c;.NET 10.0;False;True;False;True;Default;Default;False;False;False;Default;Default;Default;Default;Default;Default;Default;Default;3;Default;1;Default;Default;Default;Default;Default;Default;16;3;Symmetrical Difference;100000;10000;2;"370,509.7 μs";"144,625.16 μs";"7,927.39 μs";16.03;0.30;18000.0000;71315.0000;0.0000;9000.0000;1000.0000;105324.53 KB;5.11
SequentialSymmetricalDifference;ShortRun;False;Default;Default;Default;Default;Default;Default;11111111;Empty;RyuJit;Default;X64;8c5e7fda-e8bf-4a96-9a85-a6e23a8c635c;.NET 10.0;False;True;False;True;Default;Default;False;False;False;Default;Default;Default;Default;Default;Default;Default;Default;3;Default;1;Default;Default;Default;Default;Default;Default;16;3;Symmetrical Difference;100000;10000;4;"22,921.5 μs";"3,015.16 μs";165.27 μs;1.00;0.01;3437.5000;0.0000;0.0000;531.2500;93.7500;20602.42 KB;1.00
ParallelSymmetricalDifferenceWithThreads;ShortRun;False;Default;Default;Default;Default;Default;Default;11111111;Empty;RyuJit;Default;X64;8c5e7fda-e8bf-4a96-9a85-a6e23a8c635c;.NET 10.0;False;True;False;True;Default;Default;False;False;False;Default;Default;Default;Default;Default;Default;Default;Default;3;Default;1;Default;Default;Default;Default;Default;Default;16;3;Symmetrical Difference;100000;10000;4;"345,104.8 μs";"502,963.89 μs";"27,569.15 μs";15.06;1.05;18000.0000;71315.0000;0.0000;9000.0000;1000.0000;105325.97 KB;5.11
SequentialUnion;ShortRun;False;Default;Default;Default;Default;Default;Default;11111111;Empty;RyuJit;Default;X64;8c5e7fda-e8bf-4a96-9a85-a6e23a8c635c;.NET 10.0;False;True;False;True;Default;Default;False;False;False;Default;Default;Default;Default;Default;Default;Default;Default;3;Default;1;Default;Default;Default;Default;Default;Default;16;3;Union;1000;100;1;147.5 μs;18.14 μs;0.99 μs;1.00;0.01;34.1797;0.0000;0.0000;2.4414;0.0000;210.28 KB;1.00
ParallelUnionWithThreads;ShortRun;False;Default;Default;Default;Default;Default;Default;11111111;Empty;RyuJit;Default;X64;8c5e7fda-e8bf-4a96-9a85-a6e23a8c635c;.NET 10.0;False;True;False;True;Default;Default;False;False;False;Default;Default;Default;Default;Default;Default;Default;Default;3;Default;1;Default;Default;Default;Default;Default;Default;16;3;Union;1000;100;1;634.7 μs;166.92 μs;9.15 μs;4.30;0.06;167.9688;371.0000;0.1484;29.2969;0.0000;1031.39 KB;4.90
SequentialUnion;ShortRun;False;Default;Default;Default;Default;Default;Default;11111111;Empty;RyuJit;Default;X64;8c5e7fda-e8bf-4a96-9a85-a6e23a8c635c;.NET 10.0;False;True;False;True;Default;Default;False;False;False;Default;Default;Default;Default;Default;Default;Default;Default;3;Default;1;Default;Default;Default;Default;Default;Default;16;3;Union;1000;100;2;156.1 μs;8.69 μs;0.48 μs;1.00;0.00;34.1797;0.0000;0.0000;2.4414;0.0000;210.28 KB;1.00
ParallelUnionWithThreads;ShortRun;False;Default;Default;Default;Default;Default;Default;11111111;Empty;RyuJit;Default;X64;8c5e7fda-e8bf-4a96-9a85-a6e23a8c635c;.NET 10.0;False;True;False;True;Default;Default;False;False;False;Default;Default;Default;Default;Default;Default;Default;Default;3;Default;1;Default;Default;Default;Default;Default;Default;16;3;Union;1000;100;2;492.4 μs;284.01 μs;15.57 μs;3.15;0.09;178.7109;741.0000;0.0713;58.5938;0.0000;1090.21 KB;5.18
SequentialUnion;ShortRun;False;Default;Default;Default;Default;Default;Default;11111111;Empty;RyuJit;Default;X64;8c5e7fda-e8bf-4a96-9a85-a6e23a8c635c;.NET 10.0;False;True;False;True;Default;Default;False;False;False;Default;Default;Default;Default;Default;Default;Default;Default;3;Default;1;Default;Default;Default;Default;Default;Default;16;3;Union;1000;100;4;146.2 μs;25.48 μs;1.40 μs;1.00;0.01;34.1797;0.0000;0.0000;2.4414;0.0000;210.28 KB;1.00
ParallelUnionWithThreads;ShortRun;False;Default;Default;Default;Default;Default;Default;11111111;Empty;RyuJit;Default;X64;8c5e7fda-e8bf-4a96-9a85-a6e23a8c635c;.NET 10.0;False;True;False;True;Default;Default;False;False;False;Default;Default;Default;Default;Default;Default;Default;Default;3;Default;1;Default;Default;Default;Default;Default;Default;16;3;Union;1000;100;4;495.0 μs;263.70 μs;14.45 μs;3.39;0.09;178.7109;741.0000;0.0669;63.4766;0.0000;1090.21 KB;5.18
SequentialUnion;ShortRun;False;Default;Default;Default;Default;Default;Default;11111111;Empty;RyuJit;Default;X64;8c5e7fda-e8bf-4a96-9a85-a6e23a8c635c;.NET 10.0;False;True;False;True;Default;Default;False;False;False;Default;Default;Default;Default;Default;Default;Default;Default;3;Default;1;Default;Default;Default;Default;Default;Default;16;3;Union;1000;10000;1;"1,645.0 μs";247.86 μs;13.59 μs;1.00;0.01;333.9844;0.0000;0.0000;103.5156;0.0000;2056.47 KB;1.00
ParallelUnionWithThreads;ShortRun;False;Default;Default;Default;Default;Default;Default;11111111;Empty;RyuJit;Default;X64;8c5e7fda-e8bf-4a96-9a85-a6e23a8c635c;.NET 10.0;False;True;False;True;Default;Default;False;False;False;Default;Default;Default;Default;Default;Default;Default;Default;3;Default;1;Default;Default;Default;Default;Default;Default;16;3;Union;1000;10000;1;"6,557.5 μs";775.55 μs;42.51 μs;3.99;0.04;1625.0000;3562.0000;0.0000;109.3750;0.0000;9948.38 KB;4.84
SequentialUnion;ShortRun;False;Default;Default;Default;Default;Default;Default;11111111;Empty;RyuJit;Default;X64;8c5e7fda-e8bf-4a96-9a85-a6e23a8c635c;.NET 10.0;False;True;False;True;Default;Default;False;False;False;Default;Default;Default;Default;Default;Default;Default;Default;3;Default;1;Default;Default;Default;Default;Default;Default;16;3;Union;1000;10000;2;"1,595.1 μs";18.93 μs;1.04 μs;1.00;0.00;333.9844;0.0000;0.0000;103.5156;0.0000;2056.47 KB;1.00
ParallelUnionWithThreads;ShortRun;False;Default;Default;Default;Default;Default;Default;11111111;Empty;RyuJit;Default;X64;8c5e7fda-e8bf-4a96-9a85-a6e23a8c635c;.NET 10.0;False;True;False;True;Default;Default;False;False;False;Default;Default;Default;Default;Default;Default;Default;Default;3;Default;1;Default;Default;Default;Default;Default;Default;16;3;Union;1000;10000;2;"13,626.6 μs";"13,981.20 μs";766.36 μs;8.54;0.42;1718.7500;7123.0000;0.0000;1031.2500;468.7500;10517.95 KB;5.11
SequentialUnion;ShortRun;False;Default;Default;Default;Default;Default;Default;11111111;Empty;RyuJit;Default;X64;8c5e7fda-e8bf-4a96-9a85-a6e23a8c635c;.NET 10.0;False;True;False;True;Default;Default;False;False;False;Default;Default;Default;Default;Default;Default;Default;Default;3;Default;1;Default;Default;Default;Default;Default;Default;16;3;Union;1000;10000;4;"1,561.0 μs";483.30 μs;26.49 μs;1.00;0.02;333.9844;0.0000;0.0000;103.5156;0.0000;2056.47 KB;1.00
ParallelUnionWithThreads;ShortRun;False;Default;Default;Default;Default;Default;Default;11111111;Empty;RyuJit;Default;X64;8c5e7fda-e8bf-4a96-9a85-a6e23a8c635c;.NET 10.0;False;True;False;True;Default;Default;False;False;False;Default;Default;Default;Default;Default;Default;Default;Default;3;Default;1;Default;Default;Default;Default;Default;Default;16;3;Union;1000;10000;4;"13,735.4 μs";"3,003.85 μs";164.65 μs;8.80;0.16;1718.7500;7123.0000;0.0156;1062.5000;468.7500;10517.9 KB;5.11
SequentialUnion;ShortRun;False;Default;Default;Default;Default;Default;Default;11111111;Empty;RyuJit;Default;X64;8c5e7fda-e8bf-4a96-9a85-a6e23a8c635c;.NET 10.0;False;True;False;True;Default;Default;False;False;False;Default;Default;Default;Default;Default;Default;Default;Default;3;Default;1;Default;Default;Default;Default;Default;Default;16;3;Union;10000;100;1;239.5 μs;37.84 μs;2.07 μs;1.00;0.01;57.8613;0.0000;0.0000;5.8594;0.0000;355.62 KB;1.00
ParallelUnionWithThreads;ShortRun;False;Default;Default;Default;Default;Default;Default;11111111;Empty;RyuJit;Default;X64;8c5e7fda-e8bf-4a96-9a85-a6e23a8c635c;.NET 10.0;False;True;False;True;Default;Default;False;False;False;Default;Default;Default;Default;Default;Default;Default;Default;3;Default;1;Default;Default;Default;Default;Default;Default;16;3;Union;10000;100;1;"1,126.2 μs";523.88 μs;28.72 μs;4.70;0.11;312.5000;702.0000;0.0371;62.5000;0.0000;1919.82 KB;5.40
SequentialUnion;ShortRun;False;Default;Default;Default;Default;Default;Default;11111111;Empty;RyuJit;Default;X64;8c5e7fda-e8bf-4a96-9a85-a6e23a8c635c;.NET 10.0;False;True;False;True;Default;Default;False;False;False;Default;Default;Default;Default;Default;Default;Default;Default;3;Default;1;Default;Default;Default;Default;Default;Default;16;3;Union;10000;100;2;240.6 μs;58.41 μs;3.20 μs;1.00;0.02;57.8613;0.0000;0.0000;5.8594;0.0000;355.62 KB;1.00
ParallelUnionWithThreads;ShortRun;False;Default;Default;Default;Default;Default;Default;11111111;Empty;RyuJit;Default;X64;8c5e7fda-e8bf-4a96-9a85-a6e23a8c635c;.NET 10.0;False;True;False;True;Default;Default;False;False;False;Default;Default;Default;Default;Default;Default;Default;Default;3;Default;1;Default;Default;Default;Default;Default;Default;16;3;Union;10000;100;2;874.5 μs;297.73 μs;16.32 μs;3.64;0.07;332.0313;1403.0000;0.0967;240.2344;0.0000;2026.17 KB;5.70
SequentialUnion;ShortRun;False;Default;Default;Default;Default;Default;Default;11111111;Empty;RyuJit;Default;X64;8c5e7fda-e8bf-4a96-9a85-a6e23a8c635c;.NET 10.0;False;True;False;True;Default;Default;False;False;False;Default;Default;Default;Default;Default;Default;Default;Default;3;Default;1;Default;Default;Default;Default;Default;Default;16;3;Union;10000;100;4;260.0 μs;157.01 μs;8.61 μs;1.00;0.04;57.6172;0.0000;0.0000;5.8594;0.0000;355.62 KB;1.00
ParallelUnionWithThreads;ShortRun;False;Default;Default;Default;Default;Default;Default;11111111;Empty;RyuJit;Default;X64;8c5e7fda-e8bf-4a96-9a85-a6e23a8c635c;.NET 10.0;False;True;False;True;Default;Default;False;False;False;Default;Default;Default;Default;Default;Default;Default;Default;3;Default;1;Default;Default;Default;Default;Default;Default;16;3;Union;10000;100;4;"1,067.1 μs";"1,939.92 μs";106.33 μs;4.11;0.37;332.0313;1403.0000;0.0752;241.2109;0.0000;2026.15 KB;5.70
SequentialUnion;ShortRun;False;Default;Default;Default;Default;Default;Default;11111111;Empty;RyuJit;Default;X64;8c5e7fda-e8bf-4a96-9a85-a6e23a8c635c;.NET 10.0;False;True;False;True;Default;Default;False;False;False;Default;Default;Default;Default;Default;Default;Default;Default;3;Default;1;Default;Default;Default;Default;Default;Default;16;3;Union;10000;10000;1;"8,082.0 μs";"4,501.33 μs";246.73 μs;1.00;0.04;1296.8750;0.0000;0.0000;640.6250;78.1250;8003.46 KB;1.00
ParallelUnionWithThreads;ShortRun;False;Default;Default;Default;Default;Default;Default;11111111;Empty;RyuJit;Default;X64;8c5e7fda-e8bf-4a96-9a85-a6e23a8c635c;.NET 10.0;False;True;False;True;Default;Default;False;False;False;Default;Default;Default;Default;Default;Default;Default;Default;3;Default;1;Default;Default;Default;Default;Default;Default;16;3;Union;10000;10000;1;"23,806.8 μs";"4,737.12 μs";259.66 μs;2.95;0.08;5500.0000;11654.0000;0.0000;218.7500;93.7500;33696 KB;4.21
SequentialUnion;ShortRun;False;Default;Default;Default;Default;Default;Default;11111111;Empty;RyuJit;Default;X64;8c5e7fda-e8bf-4a96-9a85-a6e23a8c635c;.NET 10.0;False;True;False;True;Default;Default;False;False;False;Default;Default;Default;Default;Default;Default;Default;Default;3;Default;1;Default;Default;Default;Default;Default;Default;16;3;Union;10000;10000;2;"8,065.7 μs";"2,977.25 μs";163.19 μs;1.00;0.02;1296.8750;0.0000;0.0000;640.6250;78.1250;8003.46 KB;1.00
ParallelUnionWithThreads;ShortRun;False;Default;Default;Default;Default;Default;Default;11111111;Empty;RyuJit;Default;X64;8c5e7fda-e8bf-4a96-9a85-a6e23a8c635c;.NET 10.0;False;True;False;True;Default;Default;False;False;False;Default;Default;Default;Default;Default;Default;Default;Default;3;Default;1;Default;Default;Default;Default;Default;Default;16;3;Union;10000;10000;2;"98,481.0 μs";"70,174.94 μs";"3,846.53 μs";12.21;0.47;6400.0000;23307.0000;0.0000;3400.0000;800.0000;35633.87 KB;4.45
SequentialUnion;ShortRun;False;Default;Default;Default;Default;Default;Default;11111111;Empty;RyuJit;Default;X64;8c5e7fda-e8bf-4a96-9a85-a6e23a8c635c;.NET 10.0;False;True;False;True;Default;Default;False;False;False;Default;Default;Default;Default;Default;Default;Default;Default;3;Default;1;Default;Default;Default;Default;Default;Default;16;3;Union;10000;10000;4;"8,062.8 μs";"4,788.35 μs";262.47 μs;1.00;0.04;1296.8750;0.0000;0.0000;640.6250;78.1250;8003.47 KB;1.00
ParallelUnionWithThreads;ShortRun;False;Default;Default;Default;Default;Default;Default;11111111;Empty;RyuJit;Default;X64;8c5e7fda-e8bf-4a96-9a85-a6e23a8c635c;.NET 10.0;False;True;False;True;Default;Default;False;False;False;Default;Default;Default;Default;Default;Default;Default;Default;3;Default;1;Default;Default;Default;Default;Default;Default;16;3;Union;10000;10000;4;"97,666.7 μs";"28,254.83 μs";"1,548.74 μs";12.12;0.38;6333.3333;23307.0000;0.0000;3500.0000;833.3333;35646.79 KB;4.45
SequentialUnion;ShortRun;False;Default;Default;Default;Default;Default;Default;11111111;Empty;RyuJit;Default;X64;8c5e7fda-e8bf-4a96-9a85-a6e23a8c635c;.NET 10.0;False;True;False;True;Default;Default;False;False;False;Default;Default;Default;Default;Default;Default;Default;Default;3;Default;1;Default;Default;Default;Default;Default;Default;16;3;Union;100000;100;1;349.0 μs;58.19 μs;3.19 μs;1.00;0.01;80.5664;0.0000;0.0000;10.7422;0.0000;494.91 KB;1.00
ParallelUnionWithThreads;ShortRun;False;Default;Default;Default;Default;Default;Default;11111111;Empty;RyuJit;Default;X64;8c5e7fda-e8bf-4a96-9a85-a6e23a8c635c;.NET 10.0;False;True;False;True;Default;Default;False;False;False;Default;Default;Default;Default;Default;Default;Default;Default;3;Default;1;Default;Default;Default;Default;Default;Default;16;3;Union;100000;100;1;"1,641.0 μs";153.31 μs;8.40 μs;4.70;0.04;453.1250;1017.0000;0.0879;113.2813;0.0000;2767.89 KB;5.59
SequentialUnion;ShortRun;False;Default;Default;Default;Default;Default;Default;11111111;Empty;RyuJit;Default;X64;8c5e7fda-e8bf-4a96-9a85-a6e23a8c635c;.NET 10.0;False;True;False;True;Default;Default;False;False;False;Default;Default;Default;Default;Default;Default;Default;Default;3;Default;1;Default;Default;Default;Default;Default;Default;16;3;Union;100000;100;2;337.3 μs;95.71 μs;5.25 μs;1.00;0.02;80.5664;0.0000;0.0000;10.7422;0.0000;494.91 KB;1.00
ParallelUnionWithThreads;ShortRun;False;Default;Default;Default;Default;Default;Default;11111111;Empty;RyuJit;Default;X64;8c5e7fda-e8bf-4a96-9a85-a6e23a8c635c;.NET 10.0;False;True;False;True;Default;Default;False;False;False;Default;Default;Default;Default;Default;Default;Default;Default;3;Default;1;Default;Default;Default;Default;Default;Default;16;3;Union;100000;100;2;"1,457.2 μs";801.81 μs;43.95 μs;4.32;0.13;478.5156;2033.0000;0.0586;390.6250;0.0000;2918.53 KB;5.90
SequentialUnion;ShortRun;False;Default;Default;Default;Default;Default;Default;11111111;Empty;RyuJit;Default;X64;8c5e7fda-e8bf-4a96-9a85-a6e23a8c635c;.NET 10.0;False;True;False;True;Default;Default;False;False;False;Default;Default;Default;Default;Default;Default;Default;Default;3;Default;1;Default;Default;Default;Default;Default;Default;16;3;Union;100000;100;4;347.4 μs;41.93 μs;2.30 μs;1.00;0.01;80.5664;0.0000;0.0000;10.7422;0.0000;494.91 KB;1.00
ParallelUnionWithThreads;ShortRun;False;Default;Default;Default;Default;Default;Default;11111111;Empty;RyuJit;Default;X64;8c5e7fda-e8bf-4a96-9a85-a6e23a8c635c;.NET 10.0;False;True;False;True;Default;Default;False;False;False;Default;Default;Default;Default;Default;Default;Default;Default;3;Default;1;Default;Default;Default;Default;Default;Default;16;3;Union;100000;100;4;"1,464.0 μs";514.83 μs;28.22 μs;4.21;0.07;478.5156;2033.0000;0.0781;394.5313;0.0000;2918.53 KB;5.90
SequentialUnion;ShortRun;False;Default;Default;Default;Default;Default;Default;11111111;Empty;RyuJit;Default;X64;8c5e7fda-e8bf-4a96-9a85-a6e23a8c635c;.NET 10.0;False;True;False;True;Default;Default;False;False;False;Default;Default;Default;Default;Default;Default;Default;Default;3;Default;1;Default;Default;Default;Default;Default;Default;16;3;Union;100000;10000;1;"22,244.8 μs";"7,255.91 μs";397.72 μs;1.00;0.02;3437.5000;0.0000;0.0000;531.2500;93.7500;20602.29 KB;1.00
ParallelUnionWithThreads;ShortRun;False;Default;Default;Default;Default;Default;Default;11111111;Empty;RyuJit;Default;X64;8c5e7fda-e8bf-4a96-9a85-a6e23a8c635c;.NET 10.0;False;True;False;True;Default;Default;False;False;False;Default;Default;Default;Default;Default;Default;Default;Default;3;Default;1;Default;Default;Default;Default;Default;Default;16;3;Union;100000;10000;1;"72,302.4 μs";"51,770.86 μs";"2,837.74 μs";3.25;0.12;16375.0000;35658.0000;0.5000;625.0000;125.0000;99633.52 KB;4.84
SequentialUnion;ShortRun;False;Default;Default;Default;Default;Default;Default;11111111;Empty;RyuJit;Default;X64;8c5e7fda-e8bf-4a96-9a85-a6e23a8c635c;.NET 10.0;False;True;False;True;Default;Default;False;False;False;Default;Default;Default;Default;Default;Default;Default;Default;3;Default;1;Default;Default;Default;Default;Default;Default;16;3;Union;100000;10000;2;"25,847.7 μs";"20,172.41 μs";"1,105.72 μs";1.00;0.05;3437.5000;0.0000;0.0000;531.2500;93.7500;20602.29 KB;1.00
ParallelUnionWithThreads;ShortRun;False;Default;Default;Default;Default;Default;Default;11111111;Empty;RyuJit;Default;X64;8c5e7fda-e8bf-4a96-9a85-a6e23a8c635c;.NET 10.0;False;True;False;True;Default;Default;False;False;False;Default;Default;Default;Default;Default;Default;Default;Default;3;Default;1;Default;Default;Default;Default;Default;Default;16;3;Union;100000;10000;2;"361,427.4 μs";"674,572.07 μs";"36,975.57 μs";14.00;1.35;18000.0000;71315.0000;0.0000;9000.0000;1000.0000;105325.53 KB;5.11
SequentialUnion;ShortRun;False;Default;Default;Default;Default;Default;Default;11111111;Empty;RyuJit;Default;X64;8c5e7fda-e8bf-4a96-9a85-a6e23a8c635c;.NET 10.0;False;True;False;True;Default;Default;False;False;False;Default;Default;Default;Default;Default;Default;Default;Default;3;Default;1;Default;Default;Default;Default;Default;Default;16;3;Union;100000;10000;4;"22,540.9 μs";"5,467.54 μs";299.69 μs;1.00;0.02;3437.5000;0.0000;0.0000;531.2500;93.7500;20602.29 KB;1.00
ParallelUnionWithThreads;ShortRun;False;Default;Default;Default;Default;Default;Default;11111111;Empty;RyuJit;Default;X64;8c5e7fda-e8bf-4a96-9a85-a6e23a8c635c;.NET 10.0;False;True;False;True;Default;Default;False;False;False;Default;Default;Default;Default;Default;Default;Default;Default;3;Default;1;Default;Default;Default;Default;Default;Default;16;3;Union;100000;10000;4;"358,837.0 μs";"242,933.43 μs";"13,316.00 μs";15.92;0.54;18000.0000;71315.0000;0.0000;9000.0000;1000.0000;105324.95 KB;5.11
